i1,i2,i3,i4,label,template
19790,21033,20568,21042,1,5
3408,3347,3415,3836,1,1
3118,3621,3095,3623,0,1
11196,11406,12873,11867,0,2
22819,23403,21562,22017,0,1
12321,13796,12336,12619,0,1
11134,12514,11817,12838,1,7
24151,23321,24154,24821,1,5
19556,20781,19561,20787,1,1
9721,11008,11251,11253,0,2
8703,9836,8813,9993,0,1
13073,14600,13465,14867,0,2
3335,3453,3342,3381,0,1
9159,10433,10435,9376,0,1
15177,16989,16190,17253,0,3
3188,3600,3300,3134,0,2
14537,14538,16180,16191,0,2
6815,6818,7556,6872,1,4
4107,3844,3829,4351,0,1
25077,25985,27542,28201,0,1
6398,6745,7385,6549,1,6
8357,8763,8765,9522,1,1
9187,9399,10466,9828,0,1
13467,13875,13468,14970,0,1
3878,4013,3879,4583,0,1
12007,13437,12676,13613,0,2
16268,16997,17373,18496,0,3
19143,19905,20260,21717,0,2
7811,8719,8969,8971,0,2
5564,6170,5671,6418,1,7
11839,11845,13470,13263,0,2
14309,14820,15265,16222,0,3
7166,8008,7273,8201,0,2
17081,17835,19501,18270,0,2
17372,19308,18539,19756,1,6
7458,7884,7459,7547,1,5
20708,20717,21154,21164,1,2
13971,15825,15551,15837,1,5
26584,28179,26586,27442,0,1
9090,10336,9298,9651,0,2
23252,25667,24769,26249,0,1
15750,16414,15757,17972,0,1
26338,29585,27236,27925,0,1
1998,1882,2187,2139,0,1
5024,5517,5850,5154,0,2
6191,5737,5739,6466,1,3
20093,20095,21361,20975,0,2
15233,17321,15865,16263,0,1
1202,1353,1382,1118,0,2
19868,21982,19869,20682,1,5
20993,21948,23828,23841,1,6
25349,27804,26941,28461,0,1
19326,21375,20495,21858,0,1
19913,22511,21108,22531,1,5
7165,8185,7267,8188,1,5
18653,20707,19317,21153,0,1
6109,6873,6188,6875,1,5
11731,11963,11973,12458,1,5
16241,16252,16458,15534,1,2
24538,26962,25443,26157,0,1
2869,2680,2684,3226,1,3
11486,13118,12795,11694,0,1
14202,14209,15173,15178,0,2
21728,22708,21729,24724,0,1
8396,8101,8666,8398,1,6
26357,28908,27262,29601,0,0
126,230,276,173,0,2
12803,14266,13612,14560,0,0
24436,24439,25918,25932,1,2
25192,25193,26769,28339,0,2
26901,26049,25357,27574,0,1
26553,26561,25629,27212,1,4
12074,12348,13552,13722,0,1
4044,4459,4170,4719,0,2
26009,29159,28524,27525,0,1
22672,21399,21894,23207,0,2
22805,21541,21962,23344,0,1
13707,12496,12911,12912,1,6
17050,18204,17051,19477,0,1
11615,11838,12333,13251,1,4
22009,22010,22433,23966,1,4
7548,8069,8076,8610,0,3
11097,12470,11307,11754,0,2
13466,15248,14946,13860,0,1
8405,7689,8132,8684,0,2
11678,11937,13291,12396,1,6
19540,18715,19958,18716,1,6
28402,26738,29058,27463,1,6
2851,2958,2785,3349,0,1
1979,1926,1749,2108,0,3
1826,1969,1924,1974,0,2
28210,26596,27278,28764,0,1
13522,13917,14437,15288,0,0
14448,16349,16049,14976,0,1
6548,6917,7225,6919,0,1
21233,21699,19886,20235,1,5
22223,24549,23747,25234,0,1
9189,10474,9829,10651,0,3
17940,17948,18411,18415,1,2
10145,10401,11799,10890,0,2
10607,11933,11935,11329,1,5
10414,9754,10415,9756,1,1
25138,27618,26050,26686,0,2
20123,18740,20539,19175,0,2
15948,16597,17788,16598,1,5
25384,27822,28485,25389,1,6
11207,12590,11897,12882,0,3
25906,25907,29061,28408,0,2
17455,19431,18121,18641,0,1
578,703,712,708,0,1
8598,7791,8223,8803,0,1
9278,8779,9281,8782,1,1
6245,6415,6994,6576,0,1
8812,9964,9370,10107,0,0
5930,6156,5937,6839,1,5
23593,26630,25972,24561,1,5
12755,12760,14208,13085,1,4
10429,11984,11670,10636,0,1
3356,3930,3459,3403,0,1
1886,1890,1964,2004,0,2
5195,5596,5197,5600,1,1
12964,13286,14426,13288,0,1
7837,7925,8343,9040,0,1
6025,6716,6152,6258,0,3
8131,9208,9448,8695,0,2
11813,13256,12560,13448,0,0
24155,26649,25768,27327,0,3
23100,24060,24558,26107,0,2
16437,17550,18321,17553,0,1
24913,26482,27368,25815,0,1
1033,1059,1063,1089,1,1
22669,21878,21893,23184,1,5
20698,21145,19301,19820,0,1
17572,19999,17573,18243,0,1
22109,23059,25117,23614,0,2
8360,9666,9408,8972,1,5
3183,3590,3293,3687,0,2
5721,6408,6657,6012,1,6
1384,1504,1516,1597,0,0
9758,11061,9980,10397,1,6
13688,15263,14075,15556,0,1
19765,18405,20175,18910,1,6
22218,20941,22684,22687,1,2
16999,19047,17752,18170,0,2
19145,18317,19524,19528,1,6
17093,17847,19140,18298,0,1
20133,21050,22821,21473,0,2
9396,10066,10597,10833,0,1
5869,6126,6030,6129,1,5
25804,26659,28964,26661,0,2
2870,3179,2967,2814,1,6
5178,5366,5433,6103,0,2
4743,5192,5585,5044,1,6
12009,12275,13463,12286,1,5
1644,1527,1690,1780,0,1
16827,16830,19191,17526,0,2
17449,16257,16677,17711,0,1
9642,9166,8685,9168,1,5
11782,12033,12499,12505,1,6
17885,18601,19022,18605,0,2
4284,4525,4481,5125,0,1
8229,8853,9550,8862,0,2
22188,25211,23145,23727,0,1
3783,3890,3891,3912,1,5
27851,26305,28506,26312,1,2
3211,3338,3219,3741,0,2
17975,18691,20055,20461,0,1
12244,13749,12983,13873,0,3
4031,4440,4699,4167,0,2
12107,13586,13741,13594,1,6
3241,3668,3343,3245,1,5
12603,14035,12929,14037,1,6
10167,11500,10931,11805,0,3
15330,16358,15332,15929,1,5
4124,4686,4127,4142,1,1
7117,7947,7214,8117,1,4
203,223,270,160,0,2
15234,16266,15869,17322,0,1
2611,2877,2758,2560,0,1
5541,6390,6106,5622,0,1
24218,25870,25196,27387,0,1
26474,27083,25536,27091,1,1
25476,26376,26391,28560,0,3
23183,25593,25597,24696,0,3
6996,7954,7762,7300,0,1
6975,7736,7744,7046,0,3
14874,16596,14879,16817,1,5
20724,21638,22090,23521,0,1
16069,15420,16355,14992,1,6
18832,17967,18834,19198,1,5
10380,10598,10385,11084,1,5
23374,22034,22449,23379,1,6
23229,23788,22337,23790,1,1
1905,2046,2010,1796,1,6
16959,18990,17693,19384,1,5
9407,9842,9410,10652,1,1
14486,15456,15026,16374,1,5
544,676,608,665,0,0
22758,25076,24286,25751,0,0
29314,30009,27594,28310,0,1
16342,16572,15196,15623,0,1
17710,19700,18829,18340,0,2
3189,3619,3710,3135,0,2
8317,8698,9453,9467,1,2
26059,26713,24628,25187,0,1
7291,7391,8114,7705,0,1
20096,20995,21369,22773,0,2
10741,10956,11429,12326,0,1
23775,26190,25314,26869,0,0
311,373,449,460,0,0
19982,19988,20396,21797,1,2
20518,19137,19704,20949,0,2
18838,17989,18839,17530,1,5
4735,5167,4844,5568,0,1
12386,12641,11686,12651,1,1
4538,4712,4797,5327,0,0
11777,10713,11262,12046,0,2
14265,15213,14770,16197,0,1
15722,14584,16025,14973,0,2
2174,2402,2419,2550,0,3
6284,7305,7016,7307,0,1
26089,28623,27601,29238,0,2
4129,4385,3888,3869,0,1
16332,15153,15594,16504,0,1
14040,14043,13383,12931,1,2
9349,9720,9726,10623,1,1
9287,9506,9983,10754,0,3
6419,6662,6422,6666,1,1
1456,1666,1464,1667,1,1
25836,28336,27388,26687,0,2
835,836,920,902,0,2
23192,21863,22314,23736,0,0
1968,2122,2113,1872,0,0
9653,10917,9864,11174,0,1
4310,4825,4559,5132,0,1
6091,6239,6808,7066,0,1
20522,20524,22715,22717,0,2
21977,22940,24292,24949,0,1
26028,24586,25152,26641,0,1
633,725,759,743,0,2
7927,8483,7930,8490,1,1
17863,17864,20263,18538,0,2
7475,7742,6835,7119,0,1
18979,21003,21423,19665,0,2
23955,26395,25500,26397,0,2
11930,12620,13373,12203,0,1
14739,13582,13588,14113,1,1
16732,18673,17405,17831,1,7
6969,7939,6971,7735,1,5
12580,11409,11411,11880,1,1
1430,1541,1625,1437,1,6
9462,10133,9663,10935,1,5
9144,9146,9739,10624,0,2
21172,19845,21668,20212,0,2
642,713,639,709,1,6
34,58,44,86,0,2
26311,27224,26324,27905,0,1
6022,6706,6955,6151,0,2
5362,5010,5750,5013,1,6
23233,23234,25279,23829,1,2
7488,8315,8321,7968,0,1
16140,18069,17258,18412,0,3
19513,21554,20316,20746,0,1
3875,3601,3656,4086,0,1
7709,7808,8810,8225,1,6
2871,2751,2555,3083,0,2
19389,21426,20192,21922,0,3
916,1013,921,1044,1,5
8235,8403,9327,8866,0,1
11628,12340,13255,11631,1,6
4209,3922,3931,4500,0,3
13180,13601,14748,14122,0,1
7973,7228,7466,7234,1,2
2498,2700,2673,2919,0,3
19604,18227,18738,19981,0,1
23146,24116,26164,24609,0,2
21564,23084,24515,23091,1,6
255,391,383,355,1,6
14251,15882,15199,16181,1,4
12897,14618,12905,14368,1,5
6154,6276,6157,6967,1,5
7169,8012,7278,7495,0,2
8907,9450,10094,9023,0,1
27494,27495,26575,28117,1,2
6960,7715,7004,7266,0,0
15214,15857,15217,16236,0,1
16493,18392,17179,17635,0,1
3573,4134,3580,4149,0,1
9277,10523,9960,10739,0,1
2522,2985,2773,2697,0,1
14085,15711,14571,16023,0,2
4218,4409,4750,4463,0,1
22332,23863,24598,25308,0,1
518,575,588,648,0,1
23041,23969,25992,25999,1,6
3079,3466,3563,3186,1,6
25264,24367,25265,23817,1,5
995,1117,1057,933,0,1
8834,8835,10130,9998,0,2
13229,12521,12526,13431,1,3
7110,6777,7115,6586,1,1
15049,15616,16784,17034,0,1
26256,27156,29518,27845,0,2
22081,22082,23563,25106,0,2
1863,2002,1753,1942,0,2
13487,15010,13891,15281,1,7
26170,28779,27092,27700,0,2
8337,8736,9481,9483,1,6
8127,9191,8308,8693,0,2
23412,26435,25801,24407,0,1
25928,25930,28415,26760,0,2
11566,12866,11790,12298,0,1
3924,4314,4064,4087,0,0
7846,8775,7931,8401,1,6
28233,28841,26626,27309,0,1
3900,3901,4299,4028,0,2
12772,14216,14470,14475,0,2
19719,21810,20943,20500,0,2
1318,1449,1252,1508,0,3
25871,28393,27455,29044,0,0
5913,5917,5513,5642,1,4
992,893,999,906,1,1
13989,12892,13344,14245,1,6
26466,29007,27363,29698,0,3
23948,26390,24882,25480,0,3
24057,26551,27202,25621,0,2
3841,4234,3995,3968,1,7
13794,15398,14754,15687,0,0
1992,2000,2427,2439,1,2
12217,12507,13856,12924,0,2
21439,20219,21440,20620,1,5
17128,15933,17391,15935,1,2
14264,16196,14767,15212,0,1
2698,2622,2716,3000,0,1
12937,14636,14383,13705,0,1
16917,19336,16920,17670,1,5
11425,11742,10340,10752,1,5
23669,26061,24629,26720,0,1
6642,6648,7310,7315,0,2
5152,5567,4841,5020,0,1
25095,27570,26013,28209,1,5
17929,16750,18323,17083,0,2
6359,7056,6703,7346,0,1
13316,13718,14267,15085,0,3
13997,15604,14464,14471,0,2
12980,14461,13789,14715,0,2
17822,17025,16652,17026,1,1
2198,2441,2356,2078,0,2
11250,12608,12617,11965,0,3
15203,15852,15209,15854,0,1
21017,23325,21985,22392,0,2
10748,11444,12082,11458,1,5
23650,22853,22316,24266,0,1
11284,12948,11518,12002,0,1
5816,5989,6049,6751,0,1
14942,16657,16881,15506,0,2
11783,11280,12078,12083,1,2
19482,21530,20284,20285,1,6
8893,10077,10083,9011,0,3
22434,22435,23976,25411,1,4
5147,5722,6034,5390,0,2
17623,18794,18804,20072,1,5
19440,18664,19884,19890,1,2
18541,17266,17708,18856,0,1
4130,4622,4342,4292,0,2
25296,27756,26895,28432,1,4
10964,9885,11225,11226,1,6
1711,1793,1627,1941,1,4
26599,29121,27456,28193,0,1
21015,23887,21969,23894,1,5
25874,28399,25877,27461,0,1
4096,4601,4274,4279,0,2
11222,11687,12662,11688,1,2
21885,24190,22878,23395,0,3
22307,23269,22309,23840,1,5
15945,17770,16996,18141,0,2
9244,10714,9464,9909,0,1
6143,6871,6297,7116,0,2
25684,27957,26399,27959,1,1
6986,7290,7749,7063,0,1
18022,20124,18745,19178,0,2
24024,26494,25000,27142,1,5
11955,13390,12631,13397,1,6
11309,12644,11534,12967,0,0
23031,23950,25390,25981,0,1
21690,23208,23994,23215,1,5
2856,2543,3057,2857,1,6
10043,11667,10311,11671,1,5
16228,16229,15120,15125,1,2
23170,25590,24667,26173,0,3
39,95,121,89,1,6
24112,24113,25688,27282,0,2
13983,12867,13321,14231,0,2
19472,20680,20279,22021,1,5
974,928,1046,1071,0,1
2579,2852,2734,2736,1,6
22950,25322,24410,25886,0,2
5961,6187,6635,6100,0,1
14910,16613,14914,16617,0,1
25005,23547,24227,25677,0,3
20100,22285,21378,22788,1,7
16404,15224,15669,16650,0,3
21650,23959,23153,22647,0,2
10170,10173,10426,10933,0,2
17899,19928,20326,18620,0,2
16855,19207,17987,19212,1,5
15647,16710,17766,16718,1,6
10330,9289,10539,9650,0,2
17730,19742,18385,18888,1,6
5805,6462,6038,5958,0,2
1503,1478,1583,1708,0,1
25982,28510,25986,26845,1,5
3360,3756,3366,3474,0,1
19573,21611,20358,21614,1,6
9811,9985,8801,9275,0,1
861,953,866,1016,0,0
28677,26969,28685,29286,1,1
14986,16669,15899,16670,0,2
4746,5049,5059,5595,1,5
25713,24306,24307,24862,1,3
27350,25791,25795,28007,1,1
25215,26129,28364,26810,0,2
15859,16935,17686,16529,0,1
841,942,828,990,0,1
9974,11258,11532,11535,1,6
24158,24159,25130,25774,0,2
18610,19041,20308,19045,1,6
22379,25364,24654,23305,0,1
2508,2730,2741,2437,0,1
5123,5286,5367,5978,1,6
12977,14445,13341,13777,0,3
26733,27589,29964,29972,0,2
6749,6830,7704,7708,0,2
19449,21987,21486,20225,0,1
14632,15172,16339,15596,1,5
1705,1574,1575,1844,1,5
11936,10815,11331,12157,0,1
21798,24108,21802,22798,1,5
7855,8791,8418,9075,0,0
3294,3707,3344,3825,0,3
14972,16667,15892,16889,0,2
4437,4473,4438,5068,1,1
1197,1337,1322,1115,0,2
19616,20050,18260,18777,0,1
12337,13805,12621,13977,0,0
10306,10705,11658,10310,1,6
24092,25073,25670,27244,0,2
6877,6301,7148,6382,0,2
8709,7875,8301,8968,0,3
6827,7571,7155,6882,0,2
21006,21959,22384,23858,1,6
2135,2298,2360,2523,0,1
15369,16018,16022,17460,1,5
5344,5907,5501,6268,0,0
14839,16556,15394,15791,0,0
18214,20280,19405,20697,1,4
25952,28442,26809,27499,0,0
7272,6694,6972,7567,0,2
1636,1716,1761,1581,0,1
12327,11167,12329,12568,1,5
12037,10881,11393,12273,0,3
17135,15941,15952,16360,1,3
20231,21596,21135,22882,0,1
13911,15769,15478,14832,0,1
23940,22620,23144,24622,0,3
3018,3021,3190,2836,1,2
12552,13984,12872,13330,0,1
10834,10836,11064,10217,1,2
25467,27046,27866,28557,0,1
5490,5602,5607,6335,1,5
21111,23435,22568,24027,0,3
9527,9058,8623,9785,0,1
9742,9966,10359,11296,0,1
11614,12325,13233,13235,0,2
18549,19733,20992,21013,0,2
14217,16154,15878,16171,0,1
25009,27446,28079,25882,0,2
15576,17688,17408,16230,1,5
19307,21848,20029,20445,0,1
22892,25224,24351,25232,1,6
26578,27441,28177,29803,0,0
4223,4751,4465,5047,0,3
12418,12420,12717,14057,1,4
16111,16842,18404,17227,0,2
19322,21360,20048,21853,0,0
21781,20471,22371,22372,1,6
2772,3058,2881,3237,0,1
8455,9479,9480,9043,0,1
7516,8578,8342,7634,0,1
5046,5525,5297,5856,0,2
13297,14218,13698,14220,0,1
16809,17956,18811,17513,0,1
5401,6273,5928,5693,1,5
21719,24012,23242,24711,0,0
9954,11212,10590,11485,0,2
15937,17753,18125,16583,0,2
19872,21085,21994,20685,0,1
20625,21990,23393,21998,1,6
14507,13365,13830,14731,0,0
4098,4664,4119,4665,1,5
6153,6878,6312,6383,0,2
345,495,462,468,0,3
9297,10533,10774,9304,1,6
2502,2431,2702,2930,0,1
649,720,654,777,0,1
8046,8243,7302,7523,1,5
19311,20448,20034,21849,0,1
11509,10938,11809,11811,1,6
14287,15916,15239,16213,0,1
17873,17040,18233,17043,1,2
16933,17674,18972,19365,0,1
13535,13671,12734,13680,1,1
20493,22678,21408,21896,0,1
7058,7820,8026,7133,0,2
5493,5759,6013,6336,0,1
16074,17151,16084,18374,0,1
18698,19861,20760,19381,1,5
5514,5519,5684,5688,1,2
1892,1988,1760,2169,0,1
5328,5605,5479,6257,0,1
13122,13530,14015,14959,0,2
11619,12919,11874,12921,1,6
1912,2052,1812,2210,0,0
6066,6770,7015,7017,1,6
13168,11997,12471,13387,0,3
12453,13185,13855,14084,0,1
12933,13700,14379,13269,0,1
21763,22338,21766,22341,1,1
3720,4102,4106,3823,1,5
17794,19810,18487,18958,0,0
3007,3008,3487,3092,0,2
10235,11862,10485,10970,0,1
25024,27471,26570,27472,0,2
18723,20765,19862,19388,0,2
17714,18346,18830,18835,1,6
10165,11453,10169,10555,1,1
12008,13453,12684,13459,0,2
4450,4703,4870,5226,0,1
14133,12992,13440,14335,0,1
19063,21125,19772,19064,1,6
16792,18779,17477,17930,0,0
19329,19348,18068,18545,1,2
2968,3379,2830,3390,1,1
19505,19946,19516,19956,1,1
513,572,589,656,1,6
11797,13209,12076,12513,1,7
13082,14641,13963,13091,1,6
10759,12098,11470,12370,0,0
14206,13069,13520,14462,0,3
15262,17055,15884,17334,0,0
8614,9938,9749,8749,1,5
8740,8999,7919,9012,1,1
22896,22897,25824,23809,0,2
2221,1897,2226,2319,1,5
10452,11738,10670,12014,1,7
26539,29082,29088,29769,0,1
10862,11031,12151,12409,1,5
7365,7787,7491,8387,0,1
24909,23484,24135,25538,0,1
5718,6396,5891,6650,0,1
2411,2652,2334,2829,0,1
20908,23135,23707,21832,0,2
25778,27322,27329,28885,1,5
20557,22762,23311,22765,0,2
8948,10163,9505,9511,1,6
14987,15523,16678,15526,1,5
1757,1862,2001,1665,1,6
2295,2461,2588,2237,0,1
10980,11158,12324,11161,1,5
2398,2637,2559,2827,0,0
20886,23097,20887,23101,0,1
12793,13115,13543,14526,0,1
698,815,702,827,0,1
22352,21504,22837,22840,1,6
1712,1808,1811,1810,1,6
23943,26388,27003,24881,0,2
9405,10637,10640,10088,0,1
3608,3944,3742,3709,0,1
12241,12524,13729,12978,0,1
17624,20080,17631,19658,0,1
8885,8033,9126,8887,1,6
2229,2232,2127,2395,0,2
26529,29073,28145,27419,1,6
6970,7260,6973,7261,1,1
11948,10828,11341,11343,1,2
5233,4885,5076,5655,0,3
22495,22506,24780,24788,0,2
20269,21189,21651,22929,0,3
4484,4896,4908,5247,1,5
11550,12253,11555,11763,0,1
19694,21784,20480,21788,0,2
1404,1523,1373,1599,0,1
25059,27529,25979,28165,1,4
8036,9027,8566,9230,0,2
17169,19567,17896,18371,0,1
18224,19416,18923,20715,0,1
12124,13754,12395,13761,1,5
15744,17606,16853,17955,0,0
1341,1371,1349,1333,1,1
10896,12472,12232,11557,0,1
25608,25609,28075,28087,0,2
22984,25361,25939,25940,1,6
17723,19714,18379,18847,1,7
19000,21018,20079,21442,0,2
4138,4629,4931,4294,0,2
10934,11100,12282,11110,0,1
13079,13322,11956,12439,0,1
17371,18052,19738,18057,1,6
6327,6672,6481,7333,0,1
20061,22238,20956,21292,0,2
13970,15550,14419,14875,0,3
2369,2797,2530,2296,1,5
8522,9625,8668,9151,0,1
22095,20811,21198,22564,0,0
25141,27640,26704,28290,1,5
15106,13975,15107,13979,1,1
15062,16806,15640,17062,1,5
719,722,756,693,1,2
4610,4752,5402,4612,1,6
14409,13709,14417,14649,1,5
16397,18624,18278,17111,0,1
22995,22997,23516,25056,1,4
10541,10761,12092,10542,1,6
3089,3451,2922,3469,1,5
3481,3604,3486,3522,1,5
4291,4014,4015,4026,1,5
6326,7327,6475,6668,0,1
5710,5321,6029,5379,0,2
22128,24471,23642,25123,0,3
10092,10366,10773,11755,0,2
10161,9062,9067,10294,1,5
22864,24341,25214,23800,0,1
443,445,580,535,0,3
4338,4078,4630,4346,1,6
11285,12005,11520,12954,0,1
14886,14889,16253,15338,1,2
13745,15352,14686,14151,0,2
16685,16696,15910,16924,1,2
13922,13226,12783,14137,0,1
5358,5919,5654,6270,0,1
2185,2433,2350,2610,0,2
18491,20519,19146,19711,0,1
16227,17317,16954,18472,0,1
4594,4595,5190,4661,1,2
20041,22209,22214,22660,0,3
11710,13086,11957,13323,0,1
22310,24595,23274,25295,0,3
9207,10481,10486,9869,0,3
9880,8820,10025,10029,1,6
23339,25725,24348,26340,0,3
17535,16324,16757,17872,0,3
8332,9385,8510,9645,0,0
12130,13652,13790,12812,0,2
25766,28246,26632,28850,0,1
18622,17356,17799,18970,0,3
6618,7279,6699,6978,0,1
17756,18406,17759,20178,0,1
4085,4567,4266,4088,1,6
21795,24102,24103,22794,0,3
10516,10522,10720,12057,0,2
9879,11426,11148,10514,0,1
18744,19444,19873,21278,0,1
5751,6014,6016,6659,1,5
4656,5456,4667,4960,1,5
8019,9010,8521,8525,1,6
17191,19188,17910,19574,0,0
14953,16658,15508,15876,0,3
17882,20289,19006,20299,1,5
2642,2643,2584,2331,1,4
20425,23075,22594,21311,0,1
23397,22059,22522,22528,1,6
18388,17176,17630,18718,0,2
22186,20893,21260,20895,1,2
2401,2327,2583,2330,0,1
15376,16416,17148,17476,0,1
17522,18707,19933,17524,1,6
22088,23028,23584,22092,1,6
24366,25286,24369,25993,1,5
1420,1553,1407,1619,0,3
16135,16869,18060,17256,0,1
7886,7894,9083,8832,0,2
17000,19067,19426,18175,0,2
12570,12575,11858,11860,1,2
21091,22069,24020,22536,0,2
17857,17860,18324,19529,1,2
9072,8184,8588,9245,0,0
19941,22042,22540,20777,0,2
14279,15903,14783,16210,0,0
6744,6746,6282,6985,1,2
14125,14646,15025,16088,0,2
11026,11248,12406,12688,0,1
21790,20489,20937,22395,0,3
9383,10591,9612,10819,0,3
13976,15553,14876,15842,0,2
21521,24472,21526,23035,1,5
12699,11599,13054,11605,1,2
24490,26110,25406,27600,1,5
28838,27785,28839,27795,1,1
21671,22691,23179,24659,0,1
1603,1605,1566,1834,1,4
9121,9536,9130,10361,1,5
24513,25427,26114,27634,0,0
9776,9780,9940,8761,1,2
12374,12657,13090,13987,0,3
13675,13798,12435,12827,1,5
26276,26278,27189,27880,0,2
19375,20151,20570,20153,1,6
26647,27486,29875,26651,1,6
10150,9489,10153,9036,1,5
6848,6910,7189,7871,0,1
15801,15057,15806,15058,1,1
1047,1124,969,1125,0,2
101,179,167,226,1,5
24152,25126,26645,25763,0,1
15793,15799,16429,16892,1,4
16106,18027,18035,16836,0,1
23925,24454,25959,24461,1,2
9247,9913,9466,10723,0,1
10978,12312,11635,12315,0,2
3963,4666,4399,4120,0,1
6522,6018,6027,6123,1,5
16885,18871,18025,19243,0,2
19808,19818,21888,20572,0,2
13081,14639,13955,14933,1,5
17042,17795,18196,19464,0,2
25442,27864,26368,28532,0,3
23032,25416,23958,23039,1,6
16254,17350,18489,18139,1,6
1540,1629,1515,1740,1,6
24784,27228,27886,27896,0,2
12299,13780,13020,13930,1,4
12433,12816,13791,13792,1,2
27611,26046,28260,26681,0,2
13567,13944,13951,15362,0,1
11261,11481,11267,11490,0,1
4906,4911,4974,5158,1,4
5691,5313,6005,6010,1,2
3108,2908,2731,3312,0,3
12808,12815,11699,12201,1,2
11995,13426,13591,12262,0,2
3937,3731,3698,4196,0,2
5139,4821,4966,5474,0,1
13727,14098,15597,14108,0,2
15041,13929,14453,15322,0,2
5587,5725,5848,6444,0,0
5262,5852,5534,6178,0,3
20634,22824,20641,22019,1,5
17374,19785,19313,18061,0,1
1183,1173,1187,1182,1,5
2859,3149,2960,2786,1,7
9487,9674,10134,10943,0,0
3315,3426,3371,3736,1,6
16526,17205,18767,16530,1,6
15771,16127,16130,17226,1,5
25373,26277,26973,28473,0,3
13829,12681,14027,12682,1,2
1893,2016,1997,1771,1,7
11104,12485,12778,11756,0,2
17918,19940,19071,20345,0,2
10226,9137,9541,10383,0,0
18598,20684,20687,19779,1,5
26048,24601,25172,25174,1,2
5753,6667,5756,6424,0,1
10907,9838,10267,10269,1,2
24371,26776,25297,27487,0,3
21824,24807,24117,23312,0,1
5561,5185,5310,5889,0,0
16145,15480,15484,16410,1,5
9086,10318,9284,10538,0,2
3551,3638,3897,3639,0,1
20025,18666,20026,20418,1,1
2378,2802,2542,2309,0,1
28311,26666,27377,28966,0,3
2425,2590,2386,2837,0,3
22156,23120,22166,23714,0,1
19270,20007,19287,20012,0,1
23716,26147,26795,26799,0,2
28054,26473,27171,28664,0,2
20688,19254,19782,21069,0,1
25241,27715,26854,28376,0,3
27123,25554,26246,27779,0,1
14784,16495,15755,16723,0,0
7407,8203,7822,8407,0,1
738,819,846,874,0,1
24283,25239,25919,27411,0,3
4075,4551,4256,4800,1,4
17211,16472,16060,17509,0,1
15993,18244,17045,18245,0,1
6046,6730,6269,6961,0,2
11597,11604,12890,12891,0,2
8025,9015,9220,8143,0,2
23220,24735,24226,26233,0,1
22020,24349,22978,23472,0,2
24054,26543,25027,25617,0,2
23352,24933,25737,26355,0,1
4022,4141,4148,4146,0,2
15094,16910,16059,17141,1,5
320,405,435,465,0,1
21716,20403,20854,22233,0,1
17676,18296,20087,18304,0,2
76,145,163,211,0,1
9006,8115,8118,9200,1,5
9455,10726,10729,10912,0,1
2521,2766,2453,2964,1,6
18440,18935,18445,18946,1,1
25622,27211,28706,28709,0,2
9250,8345,8745,9258,1,6
21305,23582,22286,24186,0,3
17848,20262,19871,18986,0,1
529,597,664,653,1,7
3283,3060,3063,3442,1,1
15355,17146,16012,17441,0,3
12139,13068,12143,13071,1,1
1074,1166,1018,1180,0,2
16051,15414,14981,16354,0,1
7603,8413,7702,8137,0,1
18344,19026,18348,19551,1,5
20439,22621,21800,21332,1,6
8777,8884,9321,10082,0,1
12975,14444,14679,13335,0,2
8976,10201,9530,10348,0,2
20009,20882,22165,22632,0,1
15374,14717,14718,15664,1,3
503,629,531,622,0,1
20170,20171,21519,21520,0,2
6886,7632,6889,7229,0,1
28433,26785,27493,29086,1,5
13639,12408,13781,12796,0,2
22931,25316,25864,23877,0,2
21140,24056,23469,24059,0,1
24833,26988,24838,25434,1,1
13298,14831,14227,15061,0,1
2018,2313,2195,1891,0,1
27599,26036,28242,28257,1,2
23420,24426,23422,25837,0,1
8167,8349,8746,9493,0,2
7296,8129,7707,8302,0,3
21020,23341,23916,22399,0,2
461,540,455,549,0,1
21815,24115,21816,24789,1,5
14890,14896,16837,15434,0,2
26270,27181,28881,27875,0,1
21179,22649,22162,24076,0,1
8126,9182,8293,9426,0,2
15485,16120,16513,17557,0,0
15,41,69,45,0,2
14508,16155,15069,15494,0,1
635,684,631,683,0,2
6463,7124,6591,7436,0,3
15287,15921,16327,17357,0,3
1101,1105,1259,1260,0,2
13418,12246,12248,13576,1,5
19112,21231,20228,19119,1,6
12829,12834,14567,14286,0,2
3062,3412,3012,3539,0,2
7069,7836,7358,8040,0,2
3056,3407,3155,3009,0,3
18413,17645,18753,18757,1,2
24237,26710,25204,27392,0,0
24005,24975,26481,27120,0,1
17517,19171,17958,19183,1,5
17560,19215,17564,17992,1,1
4084,4263,4555,4837,0,1
13874,15443,14293,14804,0,0
21107,22085,23434,22563,0,1
10337,11049,11894,10557,1,6
23698,26112,24656,26119,0,2
21583,23888,22576,24527,0,1
3701,4323,4056,3837,1,5
19106,21202,21677,20214,0,2
13182,14750,14138,14993,0,3
27213,25620,26336,27881,0,3
4881,4644,4883,4705,1,5
13599,15464,15194,14022,1,5
6754,6162,6287,6993,0,0
7966,8942,7974,9150,1,5
17536,19526,19945,19534,0,2
19684,18320,18825,20094,0,3
27475,25916,27492,28114,1,5
11685,11184,10643,11985,0,1
2297,2592,2239,2746,0,3
26047,28578,27561,27564,1,6
9140,10390,9714,10614,1,7
3868,4067,3597,4068,1,5
15440,14282,15723,14290,1,6
4298,4806,4508,5131,0,0
1709,1754,1576,1845,0,2
13628,14031,15489,15253,1,6
16027,17938,18329,17092,0,2
16897,18908,19272,17628,1,6
20831,23038,21713,22192,0,0
12305,13960,12591,13025,0,1
6401,6407,6654,6655,1,2
5621,5625,5216,5910,1,4
26696,26699,28977,28979,1,2
16351,17468,18173,18579,0,1
25345,26925,26268,26926,0,1
15959,16648,15973,17815,1,5
25121,27584,28214,27590,1,6
23033,23585,23597,25107,1,5
14685,14059,14689,14062,1,1
11954,12221,10844,11370,0,1
18154,17020,18533,17022,1,2
14882,16829,16604,15826,0,1
1901,1854,1664,1985,0,1
28003,26433,27114,28606,1,4
23685,24630,24639,25217,1,5
26751,29325,27598,30019,0,1
1138,1271,1270,1298,0,1
12862,12264,12284,13189,1,5
23167,24133,25583,24657,0,1
5843,6515,6112,6791,0,0
9883,9888,11431,10132,0,2
1561,1589,1659,1604,1,2
2835,3127,2747,2925,0,2
1554,1633,1558,1423,1,5
3464,3180,3028,3555,0,0
2368,2057,2058,2524,1,1
17812,16609,17006,18177,0,0
8414,8567,8995,8568,1,6
16223,18467,16947,17316,0,1
18907,17615,18050,19266,0,0
23748,24692,25285,26838,0,1
16581,16979,18112,16981,1,6
22,52,51,43,0,3
7199,7204,6634,6912,1,2
11060,12426,11271,12718,1,5
13858,14263,13859,15709,1,5
24587,23838,24591,23260,1,1
20248,22411,21152,22888,0,0
21754,21758,22730,23267,1,4
10976,12311,11634,12547,0,2
13030,13432,14562,14801,0,1
19230,21314,20387,21778,0,3
18265,20312,19458,20727,0,1
16153,16161,17278,17286,0,2
18101,20179,18799,19255,1,5
8958,10164,10317,9116,0,2
12700,11608,11612,12111,1,3
22454,24745,23373,24013,0,1
17613,16413,17964,16859,1,6
8032,9019,8151,8547,0,3
16441,17559,17565,18645,0,3
25323,26913,26226,28453,0,1
17337,18507,19268,19713,0,1
21740,22315,20455,20911,0,1
21891,21902,20610,22459,1,2
14425,14431,16028,15402,0,2
7220,7332,7575,8258,0,2
26554,28158,28167,29780,0,3
18771,20805,19912,21300,0,0
6579,6670,6930,7553,0,0
22619,24966,23517,25613,0,1
25346,23899,24428,25909,0,0
2997,3472,3322,2928,0,1
2416,2907,2418,2913,1,1
11898,13313,12168,12599,0,0
27310,25739,26440,27985,1,5
22015,24339,22971,25007,0,2
18475,19120,19666,20921,0,0
21124,21128,22593,22598,0,2
20379,21732,22494,23023,0,1
26423,24904,25519,27055,0,0
19874,21997,19876,22489,1,5
704,711,768,779,1,2
8473,8639,8479,9553,0,1
25847,26715,27408,28994,0,1
3414,3958,3775,3480,1,5
23954,26394,25490,27015,0,2
16240,18114,16964,18481,0,0
19878,22496,22003,21092,0,1
10711,12053,11397,10908,0,2
22375,24647,23898,25340,1,6
14089,15742,16035,14982,0,2
9832,11103,10081,10476,0,0
16388,17098,18611,17107,1,6
15159,15786,17240,16158,0,2
9797,8764,9246,9941,0,1
26906,26908,25362,26051,1,2
17173,19165,17900,19572,1,6
11206,11414,12585,11893,0,1
18394,19051,20848,19052,1,6
20164,22347,21497,22833,0,3
16704,15538,15917,16930,0,0
21517,23845,23846,22498,1,5
6951,7245,6377,7257,1,5
17358,17359,16634,16204,1,2
3586,3291,3682,3685,1,2
12729,14433,12730,14184,0,1
5426,5709,6294,5529,1,6
18810,18812,21313,20819,0,2
15078,16846,15666,17105,0,2
8072,8082,8232,8244,0,2
8864,10028,8986,9436,0,0
2507,2790,2509,2791,1,1
21489,20643,20234,21989,0,1
17101,19144,18299,19509,0,3
3373,3758,3477,3943,0,0
18457,19661,19110,20898,1,5
17214,16483,17514,16070,1,6
26212,27125,27763,29487,0,2
5061,5205,5064,5589,1,5
9435,10898,10673,9633,0,1
8918,10270,10126,9457,0,1
5469,5991,5599,6332,0,3
6860,7622,6931,7209,1,6
7572,7679,8087,8646,0,0
20355,18982,20771,18984,1,2
923,929,967,979,1,2
13396,14355,14898,15190,0,1
20051,22220,20946,22695,0,2
5393,5524,5690,6272,0,3
17923,18640,19955,18642,1,5
24800,25668,26363,27932,0,1
27655,28293,26065,26714,1,5
29052,28121,27404,29766,0,1
9889,8841,9309,10055,0,3
5897,5905,6036,6134,1,4
4748,4405,4407,4445,1,1
11223,10211,11227,11504,1,5
9711,9719,8725,8729,1,2
7292,6711,6983,7591,1,6
242,245,375,378,0,2
327,448,467,408,1,6
23077,25474,26067,24511,0,2
10690,10692,12013,12258,1,4
1549,1765,1635,1686,0,1
21934,20659,22484,21939,1,6
12129,13646,12413,12811,0,2
14396,15980,14921,16270,0,3
20733,22122,22985,22127,1,5
15147,15154,16115,17224,0,2
3534,4082,3871,3645,0,1
15083,16849,15684,16032,0,2
12464,12906,12908,13844,1,5
463,556,469,543,1,5
19734,20540,20974,22416,0,1
9390,9617,9620,10831,1,5
3594,3299,3688,3133,0,2
8444,9024,9440,9730,0,1
17320,19262,18029,19703,0,3
12486,13907,13218,14120,1,6
21079,20130,19731,20131,1,1
16622,18860,16624,17281,0,1
23353,23355,22405,23946,1,4
24231,22894,23408,24889,0,0
5260,5404,5839,5533,0,1
94,77,70,119,0,0
29225,28261,29914,28264,1,6
16020,17928,16742,18322,0,2
25994,27510,28512,26852,0,1
4235,4242,4483,4485,0,2
10053,11383,10332,10721,0,2
2660,2591,3156,2674,1,6
18518,18521,19149,20963,0,2
1936,1938,2049,2050,1,2
18318,19530,18328,18981,1,5
23502,25887,24467,25081,0,1
2093,2339,2440,2442,1,6
26600,29837,26604,28196,0,1
18742,18750,17436,19091,1,2
4874,5237,4875,4704,1,5
3037,3119,3387,3122,0,1
13064,14591,14592,14845,0,3
6787,7129,7131,7777,1,5
18076,18780,19228,20608,0,2
27144,27823,25577,26300,0,1
10447,11721,11732,12004,0,1
5326,6248,5463,5597,0,1
18102,18802,19275,18113,1,6
12164,11045,12422,12165,1,6
24739,23371,24003,25423,0,2
19773,21866,21022,22450,0,0
24722,27149,25579,27826,0,1
8106,9123,8253,8108,1,6
24894,27321,25767,26442,0,0
8239,9328,8869,9551,0,3
794,877,887,879,0,2
25462,24009,26063,24504,0,2
5336,5396,6037,6045,1,2
4343,4588,4344,4850,1,5
561,640,691,634,0,1
23590,25950,26614,25953,0,2
11998,13435,12267,12674,0,3
25487,27908,27910,27066,0,1
6372,6498,6504,7241,1,5
11796,12069,12510,13422,0,1
16346,18167,17071,18570,0,3
22007,24995,22967,24996,1,5
20256,21627,22926,22444,1,6
23855,26294,26298,24795,0,3
25520,27981,27097,26427,1,6
1818,1820,1821,1825,1,2
16969,18998,19387,19005,1,6
6385,6542,6722,7349,0,3
28776,27087,29426,27697,0,2
10342,10548,10349,9305,1,1
24337,25967,24352,25250,1,5
29288,27555,28274,29933,0,1
13760,14185,14695,15658,0,1
3996,3998,3762,3810,1,2
21779,24786,21787,24099,1,5
23705,22369,22942,24365,0,2
2900,2982,2906,3397,0,1
9564,10838,11075,10840,0,2
3770,4144,3889,4390,0,1
6445,7308,6447,7314,1,1
21352,24261,23646,22313,0,1
14484,13364,14488,14723,1,5
814,863,843,772,0,1
22023,21094,22026,22505,1,5
16977,19010,19012,19395,0,3
24130,25105,27315,25741,0,2
6518,6002,6792,6120,1,6
13498,15284,13506,15286,0,1
6632,7581,6709,7590,0,1
29120,27454,28191,29830,0,2
17208,19200,18399,19580,0,1
12784,14236,13526,13093,0,2
24205,25185,25831,27376,1,5
24083,24086,25646,26580,0,2
13867,12762,13869,13200,1,5
7574,7577,8093,8652,1,4
19203,19949,21761,20335,0,2
2141,2363,2303,2150,1,6
20516,19695,19702,20940,1,5
26745,29318,26750,28312,1,5
6816,7422,6823,7434,1,1
21177,24070,22160,22645,0,1
3760,3763,3514,3413,1,4
17380,17386,17666,16640,1,2
3350,3454,3385,3923,1,5
22692,25025,24229,23567,0,2
26383,27293,27994,29641,0,3
18478,18483,19667,20922,1,4
21840,20987,20994,22421,1,3
19487,20286,20681,22032,0,0
26128,24660,25235,26793,0,3
13265,15045,13665,14195,0,1
20482,21366,21850,23168,0,0
23219,26232,24219,24732,0,1
17545,19972,17547,18729,1,5
9288,8380,8799,8800,1,6
17195,17912,17919,18381,0,3
13210,14765,14769,14162,0,3
25497,27921,27923,28564,1,5
12551,12554,13002,13898,1,2
20926,23143,22280,23720,0,2
14,32,47,65,1,6
25962,26627,28163,26636,1,2
18408,20863,20412,19060,0,1
26640,25115,25119,25753,1,1
27521,27523,25961,28140,1,4
7416,7533,7850,8411,0,3
14200,13051,14440,14457,1,6
10794,11514,11001,11526,1,5
4863,4575,5189,4579,1,2
4565,5375,4566,4858,0,1
18865,20859,19555,19963,0,0
6205,5909,6514,6517,1,2
12099,13574,12771,12774,0,2
11987,13423,12661,12664,1,6
10057,11399,11715,10722,0,2
25318,28446,26222,26904,0,1
28825,27112,27760,28832,1,6
9165,9381,10642,9784,0,2
24940,25612,23508,24187,0,1
10719,10733,10929,12059,0,2
6825,6354,6357,7068,1,1
4962,5222,5462,5065,0,1
10496,11779,10716,11266,0,1
13080,14624,14907,13946,0,2
2444,2620,2445,2372,1,1
13899,14825,15474,14326,0,1
6194,5876,5883,6468,1,5
20784,19435,19870,21275,1,7
11659,13004,13013,11915,1,5
23354,24378,24381,26377,0,3
27496,25921,26589,28122,0,0
17594,18769,20044,18772,1,6
21044,22036,22457,24002,0,2
5005,5817,5239,5821,1,5
20253,22439,21615,22906,0,1
9890,11156,9892,11160,0,1
9261,10512,9488,10728,0,0
8227,8389,8843,8847,0,2
14044,14503,15659,15955,0,1
26296,29545,28892,29551,0,1
11457,12154,12716,13089,0,1
6484,6840,7126,7448,0,1
18993,21005,19669,20073,0,3
1405,1188,1413,1190,1,1
14873,15821,16592,15426,0,1
22937,25317,23878,24400,0,3
11448,12712,11664,13074,0,3
12647,14130,14131,13428,1,5
17170,18373,17897,19568,0,1
26053,26700,28281,28284,1,2
21211,23533,22673,24096,0,1
13041,13446,14815,14819,1,6
7445,6803,7085,7685,0,1
23066,25459,24007,26058,0,2
178,278,217,324,0,2
5838,6513,5841,6764,0,1
22161,21238,22626,21240,1,2
8983,10228,10387,9147,1,6
3121,3236,3537,3628,0,1
21367,23666,22862,22336,1,6
7962,8480,8930,8070,0,1
6435,5945,6023,6692,0,3
7061,7828,7135,7351,0,3
15174,15804,16982,16187,0,1
17462,16272,16703,16708,1,2
26582,25066,25665,26585,1,6
2312,2222,1987,2408,0,0
11972,11979,12225,12226,1,2
8681,8793,9965,9969,0,2
25292,26213,25293,26893,0,1
21593,24592,21594,23911,0,1
1195,1189,1028,1203,0,0
23568,22243,22246,22731,1,3
21424,23706,22374,22946,0,1
12468,11301,12769,11748,0,2
16819,19185,18820,17961,0,1
25334,23897,25336,25895,1,5
12538,12847,13273,14190,0,0
4909,4916,5666,5669,1,2
2586,2737,2531,3044,0,0
3084,2894,3287,3289,1,6
15549,16182,16621,17659,1,4
6184,6351,6458,7227,0,2
24254,26736,25898,27394,0,1
17119,19150,19152,18338,0,3
18275,18966,19494,20735,0,3
4979,5798,5472,5224,0,1
2879,2771,2568,3101,1,6
23263,24267,24806,26258,0,3
13414,13852,14768,13863,1,2
1233,1368,1152,1459,0,2
4989,4718,4828,5372,0,2
25601,26501,26505,28701,0,1
16847,15672,17108,16031,0,2
1061,1154,1165,1127,0,2
22965,25347,25913,23905,1,6
20718,22923,22071,21616,0,2
20589,20595,19210,19211,1,2
8435,9439,8585,9723,0,3
11188,12557,12563,11402,0,1
7364,8377,7489,7780,0,1
16877,18862,17592,18021,0,3
2243,2413,2137,2695,0,2
23867,25396,26310,24808,0,1
2981,2911,3319,3085,0,1
3485,3214,3496,3583,1,1
18129,18819,20635,19295,0,2
15667,14955,14956,15957,1,1
19423,18119,18633,19849,0,2
17418,18103,18612,19828,0,0
12448,12854,13802,13806,1,6
12537,13964,12839,12846,1,6
5033,5518,5155,5290,0,3
5066,5790,5223,5797,1,5
19396,20612,21428,21944,0,1
22049,22052,23513,24375,0,2
25091,25719,25720,27290,1,5
26198,26200,27740,28823,0,2
1313,1416,1448,1248,0,1
6697,7077,6705,7406,0,1
10019,10281,11317,11621,0,1
8737,8741,9893,8852,1,4
19334,20091,20527,21865,0,3
6344,7049,6494,7345,0,0
25012,27459,25883,26563,0,3
22513,24073,25483,25484,0,2
23186,23188,23765,23771,1,2
8845,7995,8450,9097,1,5
233,344,332,354,0,1
9755,10382,11059,10386,1,5
1235,1396,1161,1460,1,7
1196,1331,1312,1361,0,2
21187,23512,22178,24087,0,0
3049,3227,2873,2686,0,1
12350,13815,13060,13980,0,1
14734,16440,15671,15257,0,2
19446,18667,18151,18690,1,5
16421,18316,17549,17132,1,6
25339,27788,26251,28458,0,0
26026,28539,26029,28545,0,1
21060,19708,20104,21467,0,0
14613,14615,15014,16066,1,4
26018,26022,29161,26855,0,2
20938,21845,23164,21852,1,5
4038,4442,4169,4165,0,3
15662,17836,15676,17507,0,1
4199,4402,5022,4431,0,2
11522,11759,12235,13164,0,0
14778,16490,14779,16706,0,1
8346,8018,7639,8589,0,1
4918,4739,4653,5281,0,1
23315,21978,23903,22391,0,2
3030,2838,2651,3193,0,1
19906,20714,21103,22508,1,7
16276,15541,16461,15567,1,6
1794,1933,1896,2040,0,1
26078,26723,28296,28297,1,6
5333,5906,5337,5500,0,1
10441,11716,11197,10666,1,6
21386,23690,22343,24291,1,7
6799,6838,6850,7134,1,5
13047,14580,13449,14827,1,5
20227,22877,21134,21590,0,1
1925,2039,1885,1703,0,1
21884,24182,24857,22874,0,2
1466,1429,1468,1580,1,5
22597,21783,21316,23090,0,1
11488,11712,11494,12824,0,1
14654,16353,14660,15625,1,5
18259,19434,18945,19436,0,1
22206,24535,23157,25228,0,0
23056,23988,24497,26007,1,6
26342,27933,27240,29592,0,1
9127,9337,9713,10613,0,2
28652,26943,27608,29259,0,0
20150,21081,22339,21495,0,1
22317,22318,23739,23749,1,2
925,1005,1042,911,0,0
9870,10500,11140,10118,0,1
19831,21918,20637,21053,0,0
9358,9575,10037,9597,1,6
19898,22014,19901,22016,0,1
15960,15963,17414,16364,1,2
24393,26014,26794,27520,0,1
7275,7377,8294,7668,0,2
4278,5117,4480,4519,0,1
21406,22360,22912,24309,0,0
14498,15034,15460,16384,0,0
19227,19970,21308,20378,0,1
11403,11404,10735,11727,1,4
2794,2462,2699,2990,0,1
22024,24362,25028,23474,0,2
21070,21072,22481,24015,0,2
9507,10767,9685,10156,0,1
10661,11971,10848,12222,0,1
12489,14128,13916,12779,0,1
16749,18708,17879,19033,0,0
27407,26503,27416,28039,1,5
10717,10919,11405,11410,1,6
16148,15066,15487,16417,0,2
21862,22813,23328,24822,1,7
17492,17494,17782,17789,1,2
25511,28586,27930,26414,0,1
18136,19342,20640,19344,0,2
17888,17046,17049,18257,1,1
1066,1169,1160,1171,1,5
19315,18544,18065,19786,0,1
19257,18473,19259,18020,1,1
16870,18853,19236,17591,0,2
25969,26628,25971,24559,1,5
9202,9205,9858,9860,0,2
16144,15053,15063,16402,1,3
11377,10324,11683,10715,0,2
7172,8017,8211,7502,0,2
18367,19043,19046,20836,0,3
13183,13191,13605,14139,0,2
4446,4692,4700,5214,0,1
14193,15867,15163,16136,0,3
4497,5274,4917,4651,0,1
1661,1867,1764,1868,0,1
14663,16361,15201,16576,0,1
19504,20686,19512,20291,0,1
6368,5857,5969,6605,0,1
10144,11478,11480,10398,0,1
17722,18376,18843,20127,0,1
7286,7698,8298,7701,0,2
16063,16802,17145,18364,0,2
6989,7750,6990,7944,1,5
24401,26031,26832,27545,1,5
16993,19029,17746,19411,0,2
14414,15370,15983,16299,0,1
3503,3558,3811,4017,0,1
8734,8827,10054,8829,0,2
11233,10214,10628,11508,0,0
1284,1402,1500,1230,0,2
15713,16371,16782,16786,1,6
8210,8385,9549,8819,0,2
16715,17080,18300,16719,1,6
10247,11562,10515,11865,0,0
5101,5238,5645,5950,0,1
3055,3395,3524,3154,0,2
8921,10127,9460,10128,1,6
3357,3404,3460,3932,0,1
4493,4202,4191,4738,0,0
13160,13575,14985,14099,0,2
15572,16211,16220,16641,0,1
26168,28775,27082,29421,0,2
13550,15051,13931,14469,0,1
1493,1579,1647,1672,0,3
17909,19934,18623,19054,0,3
18978,17681,18127,17687,1,2
8314,9613,8469,8920,0,1
21210,22662,22184,22664,0,1
15269,17075,16302,17336,0,1
4174,4366,4177,5007,0,1
21552,20313,20744,22070,0,2
6249,6999,6583,7268,0,3
213,325,377,319,0,2
20363,22492,21267,23017,0,3
3588,3708,3660,4152,0,0
3192,3632,3160,3195,1,6
18668,19842,19846,21201,1,5
24431,27571,26889,25350,0,1
26096,28627,27602,28631,0,2
2199,2455,2633,2084,0,2
4168,4380,4350,4996,0,2
7555,8388,7662,8616,1,7
20597,21543,23356,21964,1,6
15252,14028,14579,15483,0,1
10550,10768,11303,12109,1,4
26797,26802,29385,27633,1,4
5558,5563,6307,5728,1,2
26890,27568,29213,27569,1,6
8344,9395,8938,9652,0,1
11073,9989,11332,10418,1,6
15314,15320,17123,17377,0,2
8439,8153,7734,8154,1,5
26068,28592,26902,27585,0,3
25572,28056,26479,27179,0,1
14317,15950,16233,14323,1,6
8470,9783,9525,8622,0,1
9092,10370,9679,10576,1,5
9547,9554,10391,10395,1,2
26778,26780,29356,30067,1,4
10393,11595,10600,11931,0,3
12711,14161,13035,14401,0,1
15708,17555,16773,16363,0,2
20017,20899,22638,22642,1,6
10981,9914,10328,11232,0,3
20867,23632,23083,22217,0,1
9033,9206,10265,10461,0,1
26485,28073,29014,29715,0,1
19882,19888,22501,20712,0,2
9622,8663,9134,9859,0,2
7181,7482,6897,7486,1,5
12310,13029,12601,13966,0,1
22004,24325,24333,24982,0,3
15500,17306,16150,16566,0,1
19887,19896,20243,21702,1,4
19897,18992,19900,20265,1,5
35,59,56,72,0,2
15258,15545,14071,14627,0,1
19980,18644,19087,20370,0,0
18383,17617,17619,18713,1,5
8105,8252,9118,9359,0,1
12016,13486,13626,12293,1,6
18720,19174,20484,18721,1,6
22902,21607,22062,23478,0,3
14753,15282,15704,16697,0,1
2074,2268,1970,2376,0,2
5137,5715,5330,5385,0,2
8316,8924,8475,9619,0,1
23476,24451,25036,26504,0,0
13076,14614,13484,13942,0,2
13277,14207,13668,15046,0,1
14165,14683,16125,15109,0,2
19414,20203,20211,21946,0,3
4817,4933,5095,5686,0,1
15132,15747,16093,17164,0,2
5170,5171,5428,5364,0,2
24934,28033,27371,26493,0,1
3305,3308,3167,3737,1,4
24919,27369,24932,28015,1,5
20122,21010,21429,20126,1,6
18140,20257,19351,20651,0,3
12877,14322,13224,13657,0,0
12799,12196,11697,13120,0,1
24612,25180,25186,26711,1,3
7477,8263,7604,8495,0,3
25552,26460,27151,28644,0,0
13945,14390,14861,14395,0,2
1601,1736,1565,1824,0,0
18032,20143,20550,19180,0,2
26203,26208,27758,27111,0,2
8615,8863,7830,8283,0,1
773,870,860,792,1,4
2086,2317,2240,2246,0,2
22101,24437,24440,23053,0,1
10988,12352,11189,11190,0,2
8766,9904,9313,8858,0,2
6449,6456,6585,7418,1,4
18246,20297,18939,20721,0,0
675,662,685,745,1,1
1374,1586,1496,1316,0,1
21768,24074,22770,23282,0,0
7815,8727,8306,7888,0,2
7720,7006,7281,7012,1,6
26271,28882,27878,29525,0,3
10784,10202,10785,11054,1,1
10765,9684,10155,10975,0,2
124,209,225,169,0,2
17305,16139,16552,17590,0,2
7975,9176,8945,8484,0,1
6108,5815,5630,6393,0,1
